{
    "XGBoost": {
        "Accuracy": 0.9966666666666667,
        "Precision": 0.996774193548387,
        "Recall": 0.9966666666666667,
        "F1 Score": 0.9966657404834678
    },
    "Random Forest": {
        "Accuracy": 0.9966666666666667,
        "Precision": 0.996774193548387,
        "Recall": 0.9966666666666667,
        "F1 Score": 0.9966657404834678
    },
    "Logistic Regression": {
        "Accuracy": 0.9966666666666667,
        "Precision": 0.996774193548387,
        "Recall": 0.9966666666666667,
        "F1 Score": 0.9966657404834678
    },
    "SVM": {
        "Accuracy": 0.9966666666666667,
        "Precision": 0.996774193548387,
        "Recall": 0.9966666666666667,
        "F1 Score": 0.9966657404834678
    }
}